id,text,source,language_tag,concept,sentiment,shop_location,decision_or_recommendation
1,"Ramesh runs a roadside snack stall. After reading the regulations, he realizes he must file Form A with the Registering Authority to obtain a petty food business registration before selling any pakoras.","FOOD SAFETY AND STANDARDS (LICENSING AND REGISTRATION OF FOODBUSINESSES), REGULATIONS 2011",en,petty_food_registration,cautious,semi_urban_india,Submit Form A and pay the registration fee within 7 days of starting the stall.
2,A small dairy cooperative in a town learns that its members who supply all their milk to the co‑op are exempt from the annual inspection requirement.,"FOOD SAFETY AND STANDARDS (LICENSING AND REGISTRATION OF FOODBUSINESSES), REGULATIONS 2011",en,exemption_milk_coop,hopeful,urban_india,Keep documentation proving 100 % milk supply to the co‑op to claim the exemption.
3,"Priya’s kirana store sells a few packets of oil daily. Because her turnover is under Rs 12 lakhs, she must register as a petty food manufacturer rather than apply for a full licence.","FOOD SAFETY AND STANDARDS (LICENSING AND REGISTRATION OF FOODBUSINESSES), REGULATIONS 2011",en,turnover_threshold,neutral,rural_india,Register under Schedule 4 using the petty‑food route instead of a full licence.
4,The Central Licensing Authority has issued a licence for a large milk‑processing unit. The licence must be displayed on a photo‑ID card at the plant entrance at all times.,"FOOD SAFETY AND STANDARDS (LICENSING AND REGISTRATION OF FOODBUSINESSES), REGULATIONS 2011",en,display_license,neutral,urban_india,Hang the licence card prominently on the entrance wall.
5,A semi‑urban bakery receives a notice that the Registering Authority will inspect its premises within the next 30 days. The owner worries about meeting the hygiene standards in Schedule 4.,"FOOD SAFETY AND STANDARDS (LICENSING AND REGISTRATION OF FOODBUSINESSES), REGULATIONS 2011",en,inspection_deadline,anxious,semi_urban_india,Prepare a self‑audit checklist and correct any gaps before the inspection.
6,"After obtaining registration, Sunil must renew it before the expiry date. He forgets the deadline and submits the renewal 10 days late. The regulation imposes a Rs 100 per day late fee.","FOOD SAFETY AND STANDARDS (LICENSING AND REGISTRATION OF FOODBUSINESSES), REGULATIONS 2011",en,late_fee_renewal,stressed,rural_india,Track renewal dates and submit renewal at least 30 days early to avoid penalties.
7,"A food stall owner learns that if his licence is cancelled, he cannot resume business until three months after filing a fresh application.","FOOD SAFETY AND STANDARDS (LICENSING AND REGISTRATION OF FOODBUSINESSES), REGULATIONS 2011",en,license_cancellation,anxious,semi_urban_india,Maintain compliance to avoid cancellation; keep records of all improvement notices.
8,"After a minor violation, the Licensing Authority issues an improvement notice. The owner is given a reasonable hearing before any suspension.","FOOD SAFETY AND STANDARDS (LICENSING AND REGISTRATION OF FOODBUSINESSES), REGULATIONS 2011",en,suspension_procedure,cautious,urban_india,"Attend the hearing, present corrective actions, and request a written statement of reasons."
9,A kirana shop in a village wants to expand its product line to include frozen foods. The regulation requires prior approval from the Licensing Authority before changing activities.,"FOOD SAFETY AND STANDARDS (LICENSING AND REGISTRATION OF FOODBUSINESSES), REGULATIONS 2011",en,modification_procedure,cautious,rural_india,Submit a modification request with details of new equipment and obtain written approval.
10,"When the owner of a licensed food business dies, the licence does not automatically pass to the heir. The family must apply for a transfer within 90 days.","FOOD SAFETY AND STANDARDS (LICENSING AND REGISTRATION OF FOODBUSINESSES), REGULATIONS 2011",en,transfer_of_license_death,stressed,urban_india,File a transfer application with proof of legal heirship before the 90‑day deadline.
11,"An electronics retailer mistakenly displays a food licence on its wall, confusing customers. The regulation mandates that only food businesses need to display the licence.","FOOD SAFETY AND STANDARDS (LICENSING AND REGISTRATION OF FOODBUSINESSES), REGULATIONS 2011",en,display_misuse,neutral,urban_india,Remove the food licence display from non‑food premises.
12,The Registering Authority can reject an application only after giving the applicant an opportunity to be heard. The shop owner prepares a written objection to the rejection.,"FOOD SAFETY AND STANDARDS (LICENSING AND REGISTRATION OF FOODBUSINESSES), REGULATIONS 2011",en,application_hearing,hopeful,semi_urban_india,Draft a formal objection citing compliance and request reconsideration.
13,A street food vendor must keep a register of the quantity of oil used daily as required by Schedule 4. He worries about the extra paperwork.,"FOOD SAFETY AND STANDARDS (LICENSING AND REGISTRATION OF FOODBUSINESSES), REGULATIONS 2011",en,record_keeping_oil,anxious,urban_india,Maintain a simple daily log book for oil usage and keep it for inspection.
14,The regulations state that any premises must be located away from polluted areas. A kirana store near a diesel pump wonders if it needs to relocate.,"FOOD SAFETY AND STANDARDS (LICENSING AND REGISTRATION OF FOODBUSINESSES), REGULATIONS 2011",en,premises_location,cautious,semi_urban_india,"Conduct a risk assessment; if pollution risk is high, seek a relocation permit."
15,"The bakery’s floor is uneven and has flaking paint. The regulation requires smooth, easily cleanable floors.","FOOD SAFETY AND STANDARDS (LICENSING AND REGISTRATION OF FOODBUSINESSES), REGULATIONS 2011",en,floor_condition,stressed,urban_india,"Re‑level the floor and apply a seamless, washable coating before the next inspection."
16,The owner of a small tea stall discovers that metal vessels can cause contamination and must be lined or replaced.,"FOOD SAFETY AND STANDARDS (LICENSING AND REGISTRATION OF FOODBUSINESSES), REGULATIONS 2011",en,metal_contamination,cautious,semi_urban_india,Replace unlined copper pots with stainless‑steel or line them appropriately.
17,A fruit vendor must install insect screens on all windows and doors to meet the pest‑control requirement.,"FOOD SAFETY AND STANDARDS (LICENSING AND REGISTRATION OF FOODBUSINESSES), REGULATIONS 2011",en,pest_control,neutral,urban_india,Fit fine mesh screens on all openings and schedule monthly checks.
18,The shop’s hand‑washing sink lacks hot water. The regulation demands hot water for hand hygiene.,"FOOD SAFETY AND STANDARDS (LICENSING AND REGISTRATION OF FOODBUSINESSES), REGULATIONS 2011",en,potable_water_supply,anxious,semi_urban_india,Install a small water heater or connect to a hot‑water line for the sink.
19,The owner of a small confectionery learns that all equipment must be designed for easy cleaning and disinfection. He worries about his old wooden slicer.,"FOOD SAFETY AND STANDARDS (LICENSING AND REGISTRATION OF FOODBUSINESSES), REGULATIONS 2011",en,equipment_design,cautious,rural_india,Replace the wooden slicer with stainless‑steel equipment that can be sanitized.
20,"A milk vendor must keep the milk at 4 °C or lower from collection to processing, as mandated by the regulations.","FOOD SAFETY AND STANDARDS (LICENSING AND REGISTRATION OF FOODBUSINESSES), REGULATIONS 2011",en,milk_temperature_control,stressed,rural_india,Use a calibrated chilled tank and monitor temperature every hour.
21,"A small shop selling packaged snacks must ensure that the packaging material is food‑grade and correctly labelled, or risk licence suspension.","FOOD SAFETY AND STANDARDS (LICENSING AND REGISTRATION OF FOODBUSINESSES), REGULATIONS 2011",en,packaging_hygiene,cautious,urban_india,Source food‑grade packaging and verify label compliance before stocking.
22,The regulation requires a technical person with a degree in food technology to supervise production. The owner of a small bakery cannot find such a person locally.,"FOOD SAFETY AND STANDARDS (LICENSING AND REGISTRATION OF FOODBUSINESSES), REGULATIONS 2011",en,technical_person_requirement,anxious,semi_urban_india,Contract a qualified consultant on a part‑time basis to fulfill the requirement.
23,"A kirana store must keep a separate storage area for raw grains away from finished products, as per the segregation rule.","FOOD SAFETY AND STANDARDS (LICENSING AND REGISTRATION OF FOODBUSINESSES), REGULATIONS 2011",en,segregated_storage,neutral,rural_india,Allocate a dedicated shelf for raw grains and label it clearly.
24,The owner of a small ice‑cream cart learns that ice must be made from potable water and stored in covered containers.,"FOOD SAFETY AND STANDARDS (LICENSING AND REGISTRATION OF FOODBUSINESSES), REGULATIONS 2011",en,ice_hygiene,cautious,semi_urban_india,Use a certified ice maker and keep ice bins tightly covered.
25,A street vendor discovers that the law forbids the use of non‑food‑grade plastics for containers that hold ready‑to‑eat items.,"FOOD SAFETY AND STANDARDS (LICENSING AND REGISTRATION OF FOODBUSINESSES), REGULATIONS 2011",en,non_food_grade_containers,stressed,urban_india,Switch to approved food‑grade containers for all ready‑to‑eat foods.
26,The regulation states that a licence fee is non‑refundable under any circumstance. The shop owner is nervous about paying upfront.,"FOOD SAFETY AND STANDARDS (LICENSING AND REGISTRATION OF FOODBUSINESSES), REGULATIONS 2011",en,fee_non_refundable,anxious,semi_urban_india,Budget the full licence fee before applying to avoid cash‑flow issues.
27,"After losing a licence certificate, the owner must apply for a duplicate and pay 10 % of the original fee.","FOOD SAFETY AND STANDARDS (LICENSING AND REGISTRATION OF FOODBUSINESSES), REGULATIONS 2011",en,duplicate_license,cautious,urban_india,Request a duplicate promptly and include the required 10 % fee payment.
28,A kirana shop that sells dairy products must submit half‑yearly returns (Form D‑2) for milk procurement and sales.,"FOOD SAFETY AND STANDARDS (LICENSING AND REGISTRATION OF FOODBUSINESSES), REGULATIONS 2011",en,half_yearly_return,neutral,rural_india,Mark calendar reminders for April‑September and October‑March return deadlines.
29,"A small apparel outlet mistakenly advertises “ghee‑free” snacks without a notice board, violating the requirement to display ghee usage.","FOOD SAFETY AND STANDARDS (LICENSING AND REGISTRATION OF FOODBUSINESSES), REGULATIONS 2011",en,consumer_notice_ghee,stressed,urban_india,"Put up a visible board listing all items cooked in ghee, butter, or vanaspati."
30,The regulation mandates that any change to the licence‑certified activities must be approved before implementation. A shop wants to add a new snack item.,"FOOD SAFETY AND STANDARDS (LICENSING AND REGISTRATION OF FOODBUSINESSES), REGULATIONS 2011",en,activity_change_approval,cautious,semi_urban_india,Submit a change‑request form with details of the new snack and await approval.
31,A bakery must maintain a recall plan that identifies distributors and steps to retrieve a faulty batch. The owner has never prepared such a plan.,"FOOD SAFETY AND STANDARDS (LICENSING AND REGISTRATION OF FOODBUSINESSES), REGULATIONS 2011",en,recall_plan,anxious,urban_india,Draft a simple recall SOP and keep contact details of all distributors on file.
32,The regulation requires that all food handlers keep fingernails trimmed and clean. The shop’s assistant often has long nails.,"FOOD SAFETY AND STANDARDS (LICENSING AND REGISTRATION OF FOODBUSINESSES), REGULATIONS 2011",en,personal_hygiene_nails,neutral,semi_urban_india,Enforce a daily nail‑trimming policy and provide nail‑clippers at the workplace.
33,The owner discovers that smoking and chewing gum are prohibited inside the premises while handling food. He sees staff smoking behind the counter.,"FOOD SAFETY AND STANDARDS (LICENSING AND REGISTRATION OF FOODBUSINESSES), REGULATIONS 2011",en,no_smoking_inside,stressed,urban_india,Designate a smoking‑free zone and post a sign reminding staff of the rule.
34,The regulations require a designated “Food Safety Officer” to oversee inspections. A small shop has no such officer.,"FOOD SAFETY AND STANDARDS (LICENSING AND REGISTRATION OF FOODBUSINESSES), REGULATIONS 2011",en,appoint_food_safety_officer,anxious,semi_urban_india,Appoint an existing senior employee as interim Food Safety Officer and train them.
35,"A kirana shop must ensure that its drinking water source is potable and, if not, must obtain a chemical and bacteriological test report regularly.","FOOD SAFETY AND STANDARDS (LICENSING AND REGISTRATION OF FOODBUSINESSES), REGULATIONS 2011",en,water_quality_testing,cautious,rural_india,Arrange quarterly water testing from a recognized lab and keep certificates.
36,The regulation specifies that all waste water must be treated or disposed of according to pollution‑control norms. The shop’s drainage leads directly to a nearby open drain.,"FOOD SAFETY AND STANDARDS (LICENSING AND REGISTRATION OF FOODBUSINESSES), REGULATIONS 2011",en,waste_water_disposal,stressed,semi_urban_india,Connect to the municipal sewage system or install a small effluent treatment unit.
37,"A small electronics retailer that occasionally sells packaged snacks must file separate returns for each license class, even though the same owner holds multiple licences.","FOOD SAFETY AND STANDARDS (LICENSING AND REGISTRATION OF FOODBUSINESSES), REGULATIONS 2011",en,separate_returns,neutral,urban_india,Maintain distinct record books for each licence category and file individual returns.
38,"The shop owner learns that any licence renewal must be applied for at least 30 days before expiry, otherwise the licence lapses. He often forgets the date.","FOOD SAFETY AND STANDARDS (LICENSING AND REGISTRATION OF FOODBUSINESSES), REGULATIONS 2011",en,renewal_application_timing,anxious,semi_urban_india,Set calendar alerts 45 days before expiry to prepare the renewal application.
39,"A food stall must keep a register of all pesticide‑insecticide applications used for pest control, as required by the regulations. He currently writes them on a loose sheet.","FOOD SAFETY AND STANDARDS (LICENSING AND REGISTRATION OF FOODBUSINESSES), REGULATIONS 2011",en,pesticide_record,cautious,urban_india,"Use a bound register and record date, product, dosage, and location of each application."
40,The law requires that any food business that employs a “technical person” must keep proof of their qualification on file. The shop’s manager has a diploma but no certificate copy.,"FOOD SAFETY AND STANDARDS (LICENSING AND REGISTRATION OF FOODBUSINESSES), REGULATIONS 2011",en,qualification_documentation,anxious,semi_urban_india,Scan and archive the technical person’s qualification certificates for inspection.
41,"A kirana shop located near a slaughterhouse worries that the foul odour may affect its food items, violating the “sanitary surroundings” clause.","FOOD SAFETY AND STANDARDS (LICENSING AND REGISTRATION OF FOODBUSINESSES), REGULATIONS 2011",en,surrounding_odour,stressed,rural_india,Install air filtration and consider a physical barrier to mitigate odour infiltration.
42,The regulation mandates that all food handlers must wear clean aprons and headcovers. The shop’s staff often work without them.,"FOOD SAFETY AND STANDARDS (LICENSING AND REGISTRATION OF FOODBUSINESSES), REGULATIONS 2011",en,protective_clothing,neutral,urban_india,Provide a set of aprons and caps for each employee and enforce daily use.
43,A small pharmacy that sells health drinks must keep a “recall plan” even though it rarely faces recalls. The owner is unsure what to include.,"FOOD SAFETY AND STANDARDS (LICENSING AND REGISTRATION OF FOODBUSINESSES), REGULATIONS 2011",en,recall_plan_pharmacy,cautious,urban_india,"Draft a simple plan listing steps to notify distributors, remove product, and inform customers."
44,"The shop must maintain a daily log of production, raw‑material usage, and sales as per Schedule 4. The owner has no digital system.","FOOD SAFETY AND STANDARDS (LICENSING AND REGISTRATION OF FOODBUSINESSES), REGULATIONS 2011",en,daily_record_keeping,anxious,semi_urban_india,Use a spreadsheet or ledger to record quantities each day and back‑up weekly.
45,"The regulations require that any change in the licence‑certified capacity (e.g., increasing production from 80 kg to 120 kg per day) must be approved before implementation. The owner plans to expand.","FOOD SAFETY AND STANDARDS (LICENSING AND REGISTRATION OF FOODBUSINESSES), REGULATIONS 2011",en,capacity_change_approval,cautious,urban_india,Submit a capacity‑increase application with updated equipment details to the Licensing Authority.
46,A small food processing unit discovers that the regulation forbids the use of cadmium‑containing cookware. Their old pots are made of low‑grade metal.,"FOOD SAFETY AND STANDARDS (LICENSING AND REGISTRATION OF FOODBUSINESSES), REGULATIONS 2011",en,prohibited_cookware,stressed,semi_urban_india,Replace the old pots with stainless‑steel or food‑grade aluminum alternatives.
47,The regulation mandates that the shop’s premises be “well‑lighted” to enable hygienic work. The owner’s shop has only a single dim bulb.,"FOOD SAFETY AND STANDARDS (LICENSING AND REGISTRATION OF FOODBUSINESSES), REGULATIONS 2011",en,adequate_lighting,anxious,rural_india,Install additional LED lighting to achieve at least 540 lux at workstations.
48,"A street vendor learns that the licence fee must be paid via bank draft, demand draft, or online transfer as prescribed. He only carries cash.","FOOD SAFETY AND STANDARDS (LICENSING AND REGISTRATION OF FOODBUSINESSES), REGULATIONS 2011",en,payment_mode,neutral,semi_urban_india,Open a bank account and arrange for online fee payment to comply with the mode requirement.
49,The regulation requires that the shop keep a “true copy” of the licence displayed at all times. The owner only has a photocopy.,"FOOD SAFETY AND STANDARDS (LICENSING AND REGISTRATION OF FOODBUSINESSES), REGULATIONS 2011",en,true_copy_display,anxious,urban_india,Obtain an official printed copy from the authority and replace the photocopy.
50,A small bakery must ensure that all containers holding food are covered with lids or clean gauze to prevent contamination. The owner sometimes leaves open bowls on the counter.,"FOOD SAFETY AND STANDARDS (LICENSING AND REGISTRATION OF FOODBUSINESSES), REGULATIONS 2011",en,container_cover,cautious,semi_urban_india,Use fitted lids or clean cloth covers for all open containers during operation.
51,"The regulation states that “no person shall manufacture, store or expose for sale any article of food in premises not effectively separated from privy, urinal, or waste.” The shop’s storage room shares a wall with the bathroom.","FOOD SAFETY AND STANDARDS (LICENSING AND REGISTRATION OF FOODBUSINESSES), REGULATIONS 2011",en,separation_from_waste,stressed,rural_india,Build a partition or relocate food storage away from sanitary facilities.
52,A kirana store must ensure that all workers with infectious diseases are not allowed to handle food. The owner is unsure how to verify health status.,"FOOD SAFETY AND STANDARDS (LICENSING AND REGISTRATION OF FOODBUSINESSES), REGULATIONS 2011",en,employee_health_screening,anxious,semi_urban_india,Require medical certificates for all food‑handling staff and keep them on file.
53,The regulation requires that all food handlers wash hands with soap before starting work and after using the toilet. The shop’s sink lacks soap dispensers.,"FOOD SAFETY AND STANDARDS (LICENSING AND REGISTRATION OF FOODBUSINESSES), REGULATIONS 2011",en,hand_washing_facility,cautious,urban_india,Install wall‑mounted soap dispensers and post hand‑washing reminders.
54,"The shop must keep a “register of sales” indicating the nature and quantity of each food item sold, as part of the recall requirement. The owner tracks only cash totals.","FOOD SAFETY AND STANDARDS (LICENSING AND REGISTRATION OF FOODBUSINESSES), REGULATIONS 2011",en,sales_register,anxious,semi_urban_india,"Start a simple sales ledger noting product name, batch number, and quantity sold each day."
55,A small dairy unit must submit an annual recall plan that includes contact details of distributors. The owner has no distributor list.,"FOOD SAFETY AND STANDARDS (LICENSING AND REGISTRATION OF FOODBUSINESSES), REGULATIONS 2011",en,distributor_contact_list,cautious,rural_india,Compile a spreadsheet of all distributors with phone numbers and email addresses.
56,The regulation requires that the licence be renewed for a period of 1–5 years as chosen by the operator. The shop owner is unsure which period is optimal.,"FOOD SAFETY AND STANDARDS (LICENSING AND REGISTRATION OF FOODBUSINESSES), REGULATIONS 2011",en,licence_duration_choice,neutral,semi_urban_india,"Choose a 3‑year term to balance stability and flexibility, then apply for renewal accordingly."
57,A street food vendor discovers that the regulation forbids the sale of irradiated food unless a special licence is obtained. He occasionally sells imported canned fish that may be irradiated.,"FOOD SAFETY AND STANDARDS (LICENSING AND REGISTRATION OF FOODBUSINESSES), REGULATIONS 2011",en,irradiated_food_prohibition,anxious,urban_india,"Verify product status; if irradiated, cease sale or apply for the specific irradiation licence."
58,The shop must maintain a “clean‑in‑place” (CIP) system for equipment that is required under Schedule 4. The owner has a manual cleaning routine only.,"FOOD SAFETY AND STANDARDS (LICENSING AND REGISTRATION OF FOODBUSINESSES), REGULATIONS 2011",en,clean_in_place_system,cautious,semi_urban_india,Install a CIP system for high‑risk equipment or document a validated manual cleaning procedure.
59,"The regulation requires that any “food business operator” display a notice board listing all items cooked in ghee, edible oil, vanaspati, etc., for consumer information. The shop has never displayed such a board.","FOOD SAFETY AND STANDARDS (LICENSING AND REGISTRATION OF FOODBUSINESSES), REGULATIONS 2011",en,consumer_notice_ghee,stressed,urban_india,Create and hang a clear board near the serving area listing all ghee‑based items.
60,"A kirana store must keep a register of the source and quality of all raw materials, as per Schedule 4. The owner buys spices from multiple vendors without records.","FOOD SAFETY AND STANDARDS (LICENSING AND REGISTRATION OF FOODBUSINESSES), REGULATIONS 2011",en,raw_material_source_record,anxious,semi_urban_india,"Maintain a supplier log with purchase date, batch number, and quality certificates."
61,The regulation states that the shop must have a “designated officer” not below the rank of Sub‑Divisional Officer to oversee food safety in the district. The owner wonders who this is.,"FOOD SAFETY AND STANDARDS (LICENSING AND REGISTRATION OF FOODBUSINESSES), REGULATIONS 2011",en,designated_officer_contact,neutral,urban_india,Contact the local District Food Safety Office to identify the designated officer.
62,"A small vendor learns that any change in the licence‑certified activity must be communicated before the change occurs, otherwise the licence may be suspended. He wants to add a new beverage line.","FOOD SAFETY AND STANDARDS (LICENSING AND REGISTRATION OF FOODBUSINESSES), REGULATIONS 2011",en,pre_change_notification,cautious,semi_urban_india,File a change‑notification form describing the new beverage before starting production.
63,The regulation requires that the shop keep a “record of water testing” if potable water is supplied from a borewell. The owner uses a borewell but has never tested the water.,"FOOD SAFETY AND STANDARDS (LICENSING AND REGISTRATION OF FOODBUSINESSES), REGULATIONS 2011",en,water_testing_record,anxious,rural_india,Send a water sample to a recognized lab quarterly and retain the test reports.
64,A food stall must ensure that all “food‑grade” packaging material is used and that non‑food‑grade plastics are not employed. The owner occasionally uses cheap plastic bags.,"FOOD SAFETY AND STANDARDS (LICENSING AND REGISTRATION OF FOODBUSINESSES), REGULATIONS 2011",en,non_food_grade_packaging,stressed,semi_urban_india,Replace cheap bags with certified food‑grade packaging and keep purchase receipts.
65,The regulation mandates that the shop have a “clean drinking water supply” for both processing and personal use. The vendor’s tap water sometimes smells of chlorine.,"FOOD SAFETY AND STANDARDS (LICENSING AND REGISTRATION OF FOODBUSINESSES), REGULATIONS 2011",en,drinking_water_quality,cautious,urban_india,Install a point‑of‑use filtration system and test water monthly.
66,"A small bakery must keep a “record of pest‑control measures” including dates and chemicals used, as required by Schedule 4. The owner currently relies on occasional sprays without documentation.","FOOD SAFETY AND STANDARDS (LICENSING AND REGISTRATION OF FOODBUSINESSES), REGULATIONS 2011",en,pest_control_log,anxious,semi_urban_india,Adopt a monthly pest‑control schedule and log each activity with product name and dosage.
67,The regulations require that all “food‑handling areas” be separated from “non‑food areas” such as staff restrooms. The shop’s break room opens directly onto the preparation area.,"FOOD SAFETY AND STANDARDS (LICENSING AND REGISTRATION OF FOODBUSINESSES), REGULATIONS 2011",en,area_separation,stressed,urban_india,Install a physical partition or relocate the break room away from the food‑handling zone.
68,The shop must have “adequate ventilation” to prevent the flow of air from dirty to clean areas. The owner’s kitchen has a single exhaust fan that often malfunctions.,"FOOD SAFETY AND STANDARDS (LICENSING AND REGISTRATION OF FOODBUSINESSES), REGULATIONS 2011",en,ventilation_requirement,anxious,semi_urban_india,Repair or upgrade the exhaust system to ensure proper airflow direction.
69,The regulation requires that “all equipment and utensils” be of corrosion‑free material and easy to clean. The vendor still uses wooden chopping boards.,"FOOD SAFETY AND STANDARDS (LICENSING AND REGISTRATION OF FOODBUSINESSES), REGULATIONS 2011",en,corrosion_free_equipment,cautious,rural_india,Replace wooden boards with food‑grade plastic or stainless‑steel alternatives.
70,"The licence fee for a petty food business is Rs 100, while a larger unit may pay up to Rs 5,000. The owner worries about paying the higher fee for a modest increase in capacity.","FOOD SAFETY AND STANDARDS (LICENSING AND REGISTRATION OF FOODBUSINESSES), REGULATIONS 2011",en,licence_fee_structure,anxious,semi_urban_india,Calculate expected turnover and choose the licence category that matches the fee schedule.
71,A small food processor must submit a “self‑attested declaration of adherence to basic hygiene” with the registration application. The owner is unsure what to include.,"FOOD SAFETY AND STANDARDS (LICENSING AND REGISTRATION OF FOODBUSINESSES), REGULATIONS 2011",en,self_attested_declaration,neutral,urban_india,"Draft a declaration covering cleanliness, water quality, pest control, and staff hygiene, then sign it."
72,"The regulation allows a “single licence” to cover multiple articles of food and multiple premises in the same local area, such as a milk cooperative and its collection points. The shop owner wants to know if his multiple stalls can share one licence.","FOOD SAFETY AND STANDARDS (LICENSING AND REGISTRATION OF FOODBUSINESSES), REGULATIONS 2011",en,multi_premise_licence,hopeful,semi_urban_india,Apply for a combined licence covering all stalls within the same locality.
73,"The law requires that the “food business operator shall not manufacture, store or expose for sale any article of food in premises not effectively separated from privy, urinal, or waste.” The owner’s storage room is adjacent to a communal toilet.","FOOD SAFETY AND STANDARDS (LICENSING AND REGISTRATION OF FOODBUSINESSES), REGULATIONS 2011",en,waste_separation,stressed,rural_india,Relocate storage to a different room or construct a sealed barrier between it and the toilet.
74,The regulation mandates that all “food handlers” avoid wearing false nails or loose jewellery. The shop’s assistant wears a silver bracelet.,"FOOD SAFETY AND STANDARDS (LICENSING AND REGISTRATION OF FOODBUSINESSES), REGULATIONS 2011",en,jewellery_restriction,cautious,semi_urban_india,Enforce a dress‑code that prohibits jewellery while handling food.
75,"A small retailer must keep a “record of temperature control” for all cold‑storage units, ensuring that milk is stored at ≤ 4 °C. The shop uses a basic refrigerator without a temperature log.","FOOD SAFETY AND STANDARDS (LICENSING AND REGISTRATION OF FOODBUSINESSES), REGULATIONS 2011",en,temperature_log_cold_storage,anxious,urban_india,Place a digital thermometer in the fridge and record readings twice daily.
76,The regulations require that “any vehicle used to transport foods must be clean and maintain required temperature.” The vendor’s motorbike is often dusty.,"FOOD SAFETY AND STANDARDS (LICENSING AND REGISTRATION OF FOODBUSINESSES), REGULATIONS 2011",en,vehicle_cleanliness,cautious,semi_urban_india,Clean the bike daily and use insulated carriers to keep foods at safe temperatures.
77,The shop must maintain “adequate facilities for hand washing” with hot and cold water and proper drying means. The vendor only has a single faucet with no hand‑dryer.,"FOOD SAFETY AND STANDARDS (LICENSING AND REGISTRATION OF FOODBUSINESSES), REGULATIONS 2011",en,hand_washing_facilities,anxious,rural_india,Install a second faucet with a soap dispenser and provide disposable paper towels.
78,The regulation specifies that “all licences shall be issued within 60 days of application ID issuance.” The owner’s application has been pending for 75 days.,"FOOD SAFETY AND STANDARDS (LICENSING AND REGISTRATION OF FOODBUSINESSES), REGULATIONS 2011",en,licence_issuance_timeline,stressed,urban_india,Send a formal reminder to the Licensing Authority citing the statutory 60‑day deadline.
79,The law requires that “any person or agency authorized for inspection may issue a notice guiding the operator to make necessary changes.” The shop receives such a notice but is unclear about the required actions.,"FOOD SAFETY AND STANDARDS (LICENSING AND REGISTRATION OF FOODBUSINESSES), REGULATIONS 2011",en,inspection_notice_response,cautious,semi_urban_india,Prepare a written action plan addressing each point and submit it within 30 days.
80,A small food processor must have at least one “technical person” with a degree in Food Technology or related field. The owner only has a high‑school graduate.,"FOOD SAFETY AND STANDARDS (LICENSING AND REGISTRATION OF FOODBUSINESSES), REGULATIONS 2011",en,technical_person_qualification,anxious,rural_india,Hire a part‑time qualified consultant to fulfill the technical person requirement.
81,The regulation mandates that “any change that alters information on the licence certificate shall require prior approval.” The shop wants to change its address on the licence.,"FOOD SAFETY AND STANDARDS (LICENSING AND REGISTRATION OF FOODBUSINESSES), REGULATIONS 2011",en,licence_address_change,cautious,urban_india,Submit an amendment request with proof of new address and pay the one‑year fee.
82,The shop must ensure that “no food other than that indicated in the licence is produced.” The owner occasionally improvises a new snack without updating the licence.,"FOOD SAFETY AND STANDARDS (LICENSING AND REGISTRATION OF FOODBUSINESSES), REGULATIONS 2011",en,unapproved_product_production,anxious,semi_urban_india,Add the new snack to the licence through a formal amendment before producing it.
83,The regulation requires that “all food business operators shall keep a record of raw‑material procurement source.” The vendor sources spices from a local market with no invoices.,"FOOD SAFETY AND STANDARDS (LICENSING AND REGISTRATION OF FOODBUSINESSES), REGULATIONS 2011",en,procurement_source_record,stressed,rural_india,Request written receipts from market sellers and store them for inspection.
84,The shop must display a “true copy of the licence” at a prominent place in the premises at all times. The owner keeps it hidden in a drawer.,"FOOD SAFETY AND STANDARDS (LICENSING AND REGISTRATION OF FOODBUSINESSES), REGULATIONS 2011",en,licence_display_visibility,anxious,semi_urban_india,Mount the licence on the wall near the cash counter where customers can see it.
85,A small retailer must ensure that “all equipment shall be placed well away from walls to allow proper inspection.” The owner’s mixers are tucked into a corner.,"FOOD SAFETY AND STANDARDS (LICENSING AND REGISTRATION OF FOODBUSINESSES), REGULATIONS 2011",en,equipment_spacing,cautious,urban_india,Rearrange the shop layout so that each machine has at least 30 cm clearance on all sides.
86,The regulation requires that “all waste water must be treated or disposed of according to the pollution‑control board.” The shop drains directly into a nearby stream.,"FOOD SAFETY AND STANDARDS (LICENSING AND REGISTRATION OF FOODBUSINESSES), REGULATIONS 2011",en,waste_water_compliance,stressed,rural_india,Connect to the municipal sewer or install a small grease trap and settle tank.
87,The shop must maintain “a register of medical fitness certificates of all food handlers.” The owner has no such certificates.,"FOOD SAFETY AND STANDARDS (LICENSING AND REGISTRATION OF FOODBUSINESSES), REGULATIONS 2011",en,medical_fitness_register,anxious,semi_urban_india,Arrange a medical check‑up for each staff member and file the certificates.
88,The regulation mandates “annual food safety inspection” for all registered establishments. The owner worries about being caught without a recent audit.,"FOOD SAFETY AND STANDARDS (LICENSING AND REGISTRATION OF FOODBUSINESSES), REGULATIONS 2011",en,annual_inspection,anxious,urban_india,Schedule a pre‑inspection self‑audit six months before the due date.
89,The shop must keep a “record of temperature control during transportation” for perishable goods. The vendor transports milk in a basic cooler without temperature logs.,"FOOD SAFETY AND STANDARDS (LICENSING AND REGISTRATION OF FOODBUSINESSES), REGULATIONS 2011",en,transport_temperature_log,cautious,semi_urban_india,Use a portable data logger in the cooler and record temperatures for each trip.
90,The regulation states that “any food business operator shall not sell food in premises that are not effectively separated from urinals or waste.” The shop’s food display is directly above a shared bathroom.,"FOOD SAFETY AND STANDARDS (LICENSING AND REGISTRATION OF FOODBUSINESSES), REGULATIONS 2011",en,food_display_separation,stressed,rural_india,Relocate the display to a different wall or install a solid barrier between it and the bathroom.
91,A small bakery must ensure that “all lighting fixtures in food‑handling areas are safety‑type and protected.” The shop uses exposed bulb sockets.,"FOOD SAFETY AND STANDARDS (LICENSING AND REGISTRATION OF FOODBUSINESSES), REGULATIONS 2011",en,safety_lighting,cautious,semi_urban_india,"Replace exposed sockets with sealed, waterproof fixtures suitable for wet areas."
92,The regulation requires “cleaning chemicals must be stored separately from food items in clearly labeled containers.” The vendor keeps detergent bottles on the same shelf as spices.,"FOOD SAFETY AND STANDARDS (LICENSING AND REGISTRATION OF FOODBUSINESSES), REGULATIONS 2011",en,chemical_storage,anxious,urban_india,Install a locked cabinet for cleaning agents away from food storage.
93,"The shop must keep a “record of pest‑control chemicals, dates, and frequency.” The owner only writes “sprayed” on a sticky note.","FOOD SAFETY AND STANDARDS (LICENSING AND REGISTRATION OF FOODBUSINESSES), REGULATIONS 2011",en,pest_control_record_detail,anxious,semi_urban_india,"Use a pre‑printed logbook to note product name, concentration, date, and area treated."
94,"A small food stall must ensure that “no smoking, chewing, or spitting is allowed in the premises.” The owner notices customers chewing betel leaf near the counter.","FOOD SAFETY AND STANDARDS (LICENSING AND REGISTRATION OF FOODBUSINESSES), REGULATIONS 2011",en,no_chewing_in_premises,cautious,urban_india,Post a “No Chewing/Smoking” sign and politely ask customers to comply.
95,"The regulation requires that “all food‑handling surfaces be smooth, non‑porous, and easy to clean.” The shop uses cracked tiles on the floor.","FOOD SAFETY AND STANDARDS (LICENSING AND REGISTRATION OF FOODBUSINESSES), REGULATIONS 2011",en,floor_tile_condition,stressed,rural_india,"Replace cracked tiles with seamless, washable flooring material."
96,The shop must have “adequate drainage” to prevent water pooling. The vendor’s sink often overflows during peak hours.,"FOOD SAFETY AND STANDARDS (LICENSING AND REGISTRATION OF FOODBUSINESSES), REGULATIONS 2011",en,drainage_efficiency,anxious,semi_urban_india,Upgrade the sink drain to a larger pipe and install an overflow alarm.
97,The regulation mandates “a display board with do’s & don’ts for workers” in the premises. The shop currently has no such board.,"FOOD SAFETY AND STANDARDS (LICENSING AND REGISTRATION OF FOODBUSINESSES), REGULATIONS 2011",en,worker_notice_board,neutral,urban_india,Create a simple poster with hygiene rules and hang it near the staff entrance.
98,A small retailer must ensure “no animal or bird can enter the food preparation area.” The vendor’s shop has an open window without a screen.,"FOOD SAFETY AND STANDARDS (LICENSING AND REGISTRATION OF FOODBUSINESSES), REGULATIONS 2011",en,insect_screen_requirement,cautious,semi_urban_india,Fit fine‑mesh screens on all windows and doors.
99,The regulation requires that “all equipment used for food must not impart metallic contamination.” The shop’s old metal grinder sometimes leaves metal shavings.,"FOOD SAFETY AND STANDARDS (LICENSING AND REGISTRATION OF FOODBUSINESSES), REGULATIONS 2011",en,equipment_metal_contamination,stressed,rural_india,Replace the grinder with a food‑grade stainless‑steel model.
100,"The shop must keep “a register of all raw‑material receipts, including batch numbers and dates.” The owner only notes the total quantity purchased.","FOOD SAFETY AND STANDARDS (LICENSING AND REGISTRATION OF FOODBUSINESSES), REGULATIONS 2011",en,raw_material_batch_register,anxious,semi_urban_india,"Record each purchase with supplier name, batch/lot number, and receipt date in a ledger."
101,The regulation states that “any licence holder must display the licence on a photo‑ID card.” The owner has only a printed copy.,"FOOD SAFETY AND STANDARDS (LICENSING AND REGISTRATION OF FOODBUSINESSES), REGULATIONS 2011",en,licence_photo_id,cautious,urban_india,Request a photo‑ID card from the Licensing Authority and display it prominently.
102,A small confectionery must ensure “temperature control for chocolate tempering” to avoid spoilage. The shop lacks a calibrated thermometer.,"FOOD SAFETY AND STANDARDS (LICENSING AND REGISTRATION OF FOODBUSINESSES), REGULATIONS 2011",en,temperature_control_chocolate,anxious,semi_urban_india,Purchase a digital thermometer and log tempering temperatures for each batch.
103,The regulation requires “all food business operators to submit an annual return (Form D‑1) by May.” The shop misses the deadline and faces a penalty.,"FOOD SAFETY AND STANDARDS (LICENSING AND REGISTRATION OF FOODBUSINESSES), REGULATIONS 2011",en,annual_return_deadline,stressed,urban_india,Set a yearly reminder for April 15 to prepare and submit Form D‑1 before May.
104,The shop must keep “a record of cleaning schedules for equipment and premises.” The owner cleans irregularly and has no schedule.,"FOOD SAFETY AND STANDARDS (LICENSING AND REGISTRATION OF FOODBUSINESSES), REGULATIONS 2011",en,cleaning_schedule_log,anxious,semi_urban_india,Draft a weekly cleaning checklist and sign off after each task.
105,The regulation mandates “that all food handlers must wear clean aprons and headcovers.” The vendor’s staff sometimes work without aprons.,"FOOD SAFETY AND STANDARDS (LICENSING AND REGISTRATION OF FOODBUSINESSES), REGULATIONS 2011",en,apron_headcover_policy,cautious,urban_india,Provide a fresh apron and headcover for each shift and enforce its use.
106,A small shop must ensure “that no food is stored in containers made of cadmium‑containing material.” The owner uses cheap metal tins for sweets.,"FOOD SAFETY AND STANDARDS (LICENSING AND REGISTRATION OF FOODBUSINESSES), REGULATIONS 2011",en,cadmium_container_prohibition,stressed,rural_india,Switch to food‑grade stainless‑steel or glass containers for storage.
107,The regulation requires “a licence to be valid for 1–5 years as chosen by the operator.” The owner initially chose a 1‑year term and now faces frequent renewal paperwork.,"FOOD SAFETY AND STANDARDS (LICENSING AND REGISTRATION OF FOODBUSINESSES), REGULATIONS 2011",en,licence_term_selection,hopeful,semi_urban_india,"Apply for a longer licence term (e.g., 3 years) to reduce renewal frequency."
108,"The shop must “maintain a register of all pest‑control chemicals used, with dates and quantities.” The owner only keeps receipts.","FOOD SAFETY AND STANDARDS (LICENSING AND REGISTRATION OF FOODBUSINESSES), REGULATIONS 2011",en,pest_chemical_register,anxious,urban_india,"Create a simple table listing each chemical, batch number, date applied, and amount used."
109,The regulation states that “any change in the licence‑certified activity must be communicated before the change occurs.” The owner adds a new ready‑to‑eat salad without notifying the authority.,"FOOD SAFETY AND STANDARDS (LICENSING AND REGISTRATION OF FOODBUSINESSES), REGULATIONS 2011",en,unnotified_activity_change,stressed,semi_urban_india,Submit a formal change request describing the new salad line before production begins.
110,The shop must ensure “all water used for washing raw materials is potable.” The vendor sometimes uses water from a nearby pond.,"FOOD SAFETY AND STANDARDS (LICENSING AND REGISTRATION OF FOODBUSINESSES), REGULATIONS 2011",en,nonpotable_water_use,anxious,rural_india,Install a filtration system and only use treated water for washing foods.
111,The regulation requires “that all food handlers avoid touching their face or hair while handling food.” The staff often rubs their eyes.,"FOOD SAFETY AND STANDARDS (LICENSING AND REGISTRATION OF FOODBUSINESSES), REGULATIONS 2011",en,face_touch_prohibition,cautious,urban_india,Conduct brief training on hand hygiene and provide disposable gloves.
112,"A small retailer must “maintain a register of raw‑material procurement source, including supplier details.” The owner buys spices from a market stall with no formal name.","FOOD SAFETY AND STANDARDS (LICENSING AND REGISTRATION OF FOODBUSINESSES), REGULATIONS 2011",en,informal_supplier_record,stressed,semi_urban_india,"Record the stall owner’s name, location, and contact number for each purchase."
113,The regulation mandates “that all equipment be placed well away from walls for inspection.” The shop’s deep‑fryer is flush against the wall.,"FOOD SAFETY AND STANDARDS (LICENSING AND REGISTRATION OF FOODBUSINESSES), REGULATIONS 2011",en,equipment_wall_clearance,cautious,urban_india,Re‑position the fryer to allow at least 30 cm clearance on all sides.
114,The shop must keep “a record of any food‑borne disease incidents among staff.” The owner has never documented a single case.,"FOOD SAFETY AND STANDARDS (LICENSING AND REGISTRATION OF FOODBUSINESSES), REGULATIONS 2011",en,disease_incident_log,anxious,semi_urban_india,"Start a health incident register and note dates, symptoms, and actions taken."
115,A small food stall must ensure “no animal waste or foul matter is stored near food.” The vendor keeps a bucket of waste under the counter.,"FOOD SAFETY AND STANDARDS (LICENSING AND REGISTRATION OF FOODBUSINESSES), REGULATIONS 2011",en,waste_near_food_prohibition,stressed,urban_india,"Relocate waste containers to a separate, covered area away from the preparation zone."
116,The regulation requires “all food‑handling personnel to be medically fit.” The owner’s assistant has a chronic cough but continues to work.,"FOOD SAFETY AND STANDARDS (LICENSING AND REGISTRATION OF FOODBUSINESSES), REGULATIONS 2011",en,employee_medical_fitness,anxious,semi_urban_india,Obtain a medical fitness certificate for the assistant and reassign them away from food handling.
117,"The shop must “display a notice board containing separate lists of articles cooked in ghee, oil, or vanaspati.” The owner has never prepared such a board.","FOOD SAFETY AND STANDARDS (LICENSING AND REGISTRATION OF FOODBUSINESSES), REGULATIONS 2011",en,ghee_oil_notice_board,cautious,urban_india,Create a simple chart listing each item and the fat used; hang it near the serving counter.
118,The regulation mandates “that all food business operators shall not sell food items that have not been approved for safety.” The vendor plans to introduce a new spice blend not listed in any standard.,"FOOD SAFETY AND STANDARDS (LICENSING AND REGISTRATION OF FOODBUSINESSES), REGULATIONS 2011",en,unapproved_spice_introduction,anxious,semi_urban_india,Seek approval from the Food Safety Authority before launching the new spice blend.
119,A small retailer must “maintain a register of all food safety audits and their outcomes.” The shop has never been audited.,"FOOD SAFETY AND STANDARDS (LICENSING AND REGISTRATION OF FOODBUSINESSES), REGULATIONS 2011",en,audit_register,neutral,urban_india,Schedule an internal audit quarterly and log findings in a dedicated notebook.
120,The regulation requires “that all food containers be covered or sealed to protect from dust and insects.” The vendor leaves open bowls of chutney on the counter.,"FOOD SAFETY AND STANDARDS (LICENSING AND REGISTRATION OF FOODBUSINESSES), REGULATIONS 2011",en,container_cover_requirement,cautious,semi_urban_india,Use lidded containers or cover bowls with clean cloths when not being served.
121,"The shop must “ensure that the water used for cleaning is potable and, if required, tested chemically and bacteriologically.” The owner never tests the water.","FOOD SAFETY AND STANDARDS (LICENSING AND REGISTRATION OF FOODBUSINESSES), REGULATIONS 2011",en,water_testing_requirement,anxious,rural_india,Send water samples to a certified lab twice a year and keep the reports.
122,The regulation mandates “that all food handlers must wash hands with soap before and after using the toilet.” The shop’s hand‑washing station lacks soap.,"FOOD SAFETY AND STANDARDS (LICENSING AND REGISTRATION OF FOODBUSINESSES), REGULATIONS 2011",en,missing_soap_handwash,stressed,urban_india,Install a soap dispenser and ensure it is refilled daily.
123,A small food business must “maintain a register of all recall actions taken.” The owner has never recalled a product.,"FOOD SAFETY AND STANDARDS (LICENSING AND REGISTRATION OF FOODBUSINESSES), REGULATIONS 2011",en,recall_action_register,neutral,semi_urban_india,Prepare a simple recall log template and fill it out if a recall ever occurs.
124,The regulation requires “that all food‑handling equipment be made of corrosion‑free material.” The shop’s metal shelves rust in the humid season.,"FOOD SAFETY AND STANDARDS (LICENSING AND REGISTRATION OF FOODBUSINESSES), REGULATIONS 2011",en,rusting_shelves,anxious,rural_india,Replace rusted shelves with stainless‑steel or coated alternatives.
125,The shop must “maintain a record of all temperature‑controlled storage units.” The owner only has a handwritten note of the fridge temperature.,"FOOD SAFETY AND STANDARDS (LICENSING AND REGISTRATION OF FOODBUSINESSES), REGULATIONS 2011",en,temperature_storage_record,cautious,semi_urban_india,Install a digital temperature logger and export daily readings.
126,The regulation mandates “that all food business operators shall ensure that no product other than that indicated in the licence is produced.” The vendor occasionally sells a homemade jam not listed.,"FOOD SAFETY AND STANDARDS (LICENSING AND REGISTRATION OF FOODBUSINESSES), REGULATIONS 2011",en,unlisted_product_production,anxious,urban_india,Apply for an amendment to the licence before producing the jam.
127,A small retailer must “ensure that all waste water disposal complies with the State Pollution Control Board.” The shop drains directly into a nearby ditch.,"FOOD SAFETY AND STANDARDS (LICENSING AND REGISTRATION OF FOODBUSINESSES), REGULATIONS 2011",en,waste_water_pcb_compliance,stressed,rural_india,Connect to the municipal sewer or install a small septic tank approved by the board.
128,The regulation requires “that all food business operators display a true copy of the licence at a prominent place.” The owner keeps the licence in a drawer.,"FOOD SAFETY AND STANDARDS (LICENSING AND REGISTRATION OF FOODBUSINESSES), REGULATIONS 2011",en,licence_display_prominent,anxious,semi_urban_india,Mount the licence on the wall near the entrance where customers can see it.
129,The shop must “maintain a register of all medical fitness certificates of food handlers.” The owner has no such register.,"FOOD SAFETY AND STANDARDS (LICENSING AND REGISTRATION OF FOODBUSINESSES), REGULATIONS 2011",en,medical_certificate_register,anxious,urban_india,Create a binder for each staff member’s certificate and update it annually.
130,The regulation mandates “that all food business operators shall have a designated officer to oversee compliance.” The shop has no such officer.,"FOOD SAFETY AND STANDARDS (LICENSING AND REGISTRATION OF FOODBUSINESSES), REGULATIONS 2011",en,designated_officer_assignment,cautious,semi_urban_india,Appoint an experienced senior employee as interim compliance officer.
131,The shop must “ensure that all containers used for cleaning chemicals are clearly labelled.” The owner stores detergent in a reused food jar.,"FOOD SAFETY AND STANDARDS (LICENSING AND REGISTRATION OF FOODBUSINESSES), REGULATIONS 2011",en,chemical_container_labeling,anxious,urban_india,"Transfer chemicals to dedicated, labeled containers and keep them separate from food items."
132,The regulation requires “that all food handlers be provided with clean protective clothing.” The vendor’s staff uses their own dirty clothes.,"FOOD SAFETY AND STANDARDS (LICENSING AND REGISTRATION OF FOODBUSINESSES), REGULATIONS 2011",en,protective_clothing_provision,stressed,semi_urban_india,Supply each worker with a fresh apron and cap for each shift.
133,A small retailer must “maintain a record of any improvement notices issued and the actions taken.” The owner never documents the notice.,"FOOD SAFETY AND STANDARDS (LICENSING AND REGISTRATION OF FOODBUSINESSES), REGULATIONS 2011",en,improvement_notice_log,anxious,rural_india,"Create a logbook to record notice dates, required actions, and completion dates."
134,The regulation mandates “that any licence suspension must be recorded with reasons and communicated to the operator.” The shop receives a suspension without a written reason.,"FOOD SAFETY AND STANDARDS (LICENSING AND REGISTRATION OF FOODBUSINESSES), REGULATIONS 2011",en,suspension_reason_documentation,stressed,urban_india,Request a written statement of reasons from the licensing authority immediately.
135,The shop must “ensure that all food‑handling surfaces are cleaned with effective disinfectant.” The vendor uses only water to wipe counters.,"FOOD SAFETY AND STANDARDS (LICENSING AND REGISTRATION OF FOODBUSINESSES), REGULATIONS 2011",en,surface_disinfection,cautious,semi_urban_india,Adopt a routine that uses a registered food‑grade disinfectant after each cleaning.
136,"A small food outlet must “maintain a register of all raw‑material receipts, including batch numbers.” The owner only notes the total weight of flour purchased.","FOOD SAFETY AND STANDARDS (LICENSING AND REGISTRATION OF FOODBUSINESSES), REGULATIONS 2011",en,raw_material_batch_tracking,anxious,rural_india,"Record supplier name, batch/lot number, and receipt date for each flour purchase."
137,The regulation requires “that all food‑handling staff wash hands with soap before starting work and after using the toilet.” The shop’s staff sometimes skip hand‑washing.,"FOOD SAFETY AND STANDARDS (LICENSING AND REGISTRATION OF FOODBUSINESSES), REGULATIONS 2011",en,hand_washing_compliance,anxious,urban_india,Place visual reminders at the sink and enforce a sign‑off before each shift.
138,The shop must “ensure that all food containers are covered to prevent contamination.” The vendor leaves open jars of pickles on the shelf.,"FOOD SAFETY AND STANDARDS (LICENSING AND REGISTRATION OF FOODBUSINESSES), REGULATIONS 2011",en,container_covering,cautious,semi_urban_india,Use airtight lids or clean cloth covers for all open jars when not being served.
139,The regulation mandates “that all equipment be placed well away from walls for inspection.” The shop’s dough mixer is flush against the wall.,"FOOD SAFETY AND STANDARDS (LICENSING AND REGISTRATION OF FOODBUSINESSES), REGULATIONS 2011",en,equipment_wall_spacing,cautious,urban_india,Re‑arrange the layout to provide at least 30 cm clearance around the mixer.
140,"A small retailer must “maintain a register of all pest‑control activities, including dates and chemicals used.” The owner only writes “sprayed” on a scrap paper.","FOOD SAFETY AND STANDARDS (LICENSING AND REGISTRATION OF FOODBUSINESSES), REGULATIONS 2011",en,pest_control_activity_log,anxious,semi_urban_india,Use a pre‑printed pest‑control logbook to capture detailed information each time.
141,The regulation requires “that any change in the licence‑certified activity be approved before implementation.” The shop adds a new fried snack without approval.,"FOOD SAFETY AND STANDARDS (LICENSING AND REGISTRATION OF FOODBUSINESSES), REGULATIONS 2011",en,unapproved_activity_change,stressed,urban_india,Submit a formal amendment request describing the new snack before selling it.
142,The shop must “ensure that all water used for food preparation is potable.” The vendor sometimes uses rainwater stored in a barrel.,"FOOD SAFETY AND STANDARDS (LICENSING AND REGISTRATION OF FOODBUSINESSES), REGULATIONS 2011",en,nonpotable_water_use,anxious,rural_india,Treat rainwater with filtration and disinfection before using it for food.
143,The regulation mandates “that all food handlers avoid touching their face while working.” The staff frequently rubs their eyes.,"FOOD SAFETY AND STANDARDS (LICENSING AND REGISTRATION OF FOODBUSINESSES), REGULATIONS 2011",en,face_touch_prohibition,cautious,urban_india,Conduct brief hygiene training and post reminder signs near workstations.
144,A small shop must “maintain a record of any food‑borne disease incidents among employees.” The owner has never logged a single case.,"FOOD SAFETY AND STANDARDS (LICENSING AND REGISTRATION OF FOODBUSINESSES), REGULATIONS 2011",en,disease_incident_record,anxious,semi_urban_india,"Start a health incident register noting date, symptoms, and actions taken."
145,The regulation requires “that all food‑handling areas be separate from waste disposal zones.” The vendor’s trash bin is placed next to the cooking table.,"FOOD SAFETY AND STANDARDS (LICENSING AND REGISTRATION OF FOODBUSINESSES), REGULATIONS 2011",en,waste_separation,stressed,urban_india,Relocate the trash bin to a covered area at least 2 m away from food preparation.
146,The shop must “ensure that all employees are medically fit for food handling.” The owner discovers a worker with a contagious skin infection.,"FOOD SAFETY AND STANDARDS (LICENSING AND REGISTRATION OF FOODBUSINESSES), REGULATIONS 2011",en,employee_medical_clearance,anxious,semi_urban_india,Require a medical certificate and reassign the worker away from food contact.
147,The regulation mandates “that all food containers be made of non‑toxic material and not impart taste.” The vendor uses low‑grade plastic tubs for sweets.,"FOOD SAFETY AND STANDARDS (LICENSING AND REGISTRATION OF FOODBUSINESSES), REGULATIONS 2011",en,non_food_grade_containers,stressed,rural_india,Replace plastic tubs with food‑grade BPA‑free containers.
148,"A small retailer must “display a notice board listing items cooked in ghee, oil, or vanaspati.” The shop has never displayed such a board.","FOOD SAFETY AND STANDARDS (LICENSING AND REGISTRATION OF FOODBUSINESSES), REGULATIONS 2011",en,ghee_oil_notice_requirement,cautious,urban_india,Create a simple board with each item and the fat used; place it near the ordering counter.
149,The regulation requires “that all food‑handling staff wash hands with soap before and after using the restroom.” The shop’s sink lacks a hand‑dryer.,"FOOD SAFETY AND STANDARDS (LICENSING AND REGISTRATION OF FOODBUSINESSES), REGULATIONS 2011",en,hand_drying_facility,anxious,semi_urban_india,Install paper‑towel dispensers or a hand‑drying machine next to the sink.
150,"The shop must “maintain a register of raw‑material procurement, including source and quality certificates.” The vendor buys spices from a local market without certificates.","FOOD SAFETY AND STANDARDS (LICENSING AND REGISTRATION OF FOODBUSINESSES), REGULATIONS 2011",en,raw_material_quality_record,stressed,rural_india,Request certificates from suppliers and file them in a procurement binder.
151,The regulation mandates “that all food business operators keep a record of any recall actions taken.” The shop has never recalled a product but wants to be prepared.,"FOOD SAFETY AND STANDARDS (LICENSING AND REGISTRATION OF FOODBUSINESSES), REGULATIONS 2011",en,recall_action_preparedness,hopeful,semi_urban_india,Draft a recall SOP template and keep it ready for immediate use.
152,The shop must “ensure that all equipment is corrosion‑free and easy to clean.” The vendor’s metal grinder shows rust spots.,"FOOD SAFETY AND STANDARDS (LICENSING AND REGISTRATION OF FOODBUSINESSES), REGULATIONS 2011",en,equipment_corrosion,anxious,rural_india,Replace the rusted grinder with a stainless‑steel model.
153,The regulation requires “that all food handlers avoid wearing false nails or loose jewellery.” The staff often wears rings while handling dough.,"FOOD SAFETY AND STANDARDS (LICENSING AND REGISTRATION OF FOODBUSINESSES), REGULATIONS 2011",en,jewellery_policy,cautious,urban_india,Enforce a no‑jewellery rule during food preparation and provide band‑aids for necessary medical wear.
154,A small retailer must “maintain a register of temperature logs for all cold‑storage units.” The owner writes temperatures on a loose sheet that gets lost.,"FOOD SAFETY AND STANDARDS (LICENSING AND REGISTRATION OF FOODBUSINESSES), REGULATIONS 2011",en,temperature_log_management,anxious,semi_urban_india,Use a bound logbook or digital app to record and back up temperature data daily.
155,The regulation mandates “that all food‑handling areas have adequate ventilation and airflow from clean to dirty zones.” The shop’s kitchen exhaust is blocked.,"FOOD SAFETY AND STANDARDS (LICENSING AND REGISTRATION OF FOODBUSINESSES), REGULATIONS 2011",en,ventilation_blockage,stressed,urban_india,Clean or repair the exhaust fan to ensure proper airflow direction.
156,The shop must “ensure that all cleaning chemicals are stored separately from food items.” The vendor keeps bleach in the same cabinet as spices.,"FOOD SAFETY AND STANDARDS (LICENSING AND REGISTRATION OF FOODBUSINESSES), REGULATIONS 2011",en,chemical_food_separation,anxious,semi_urban_india,"Relocate cleaning agents to a locked, labelled cabinet away from food storage."
157,The regulation requires “that all food handlers wash hands with soap before handling food and after any restroom use.” The staff sometimes skips washing due to rush.,"FOOD SAFETY AND STANDARDS (LICENSING AND REGISTRATION OF FOODBUSINESSES), REGULATIONS 2011",en,hand_wash_adherence,anxious,urban_india,Install a timer at the sink to ensure a minimum 20‑second wash and monitor compliance.
158,"A small retailer must “maintain a register of all pest‑control chemicals, dates, and quantities used.” The owner only notes “pesticide used” without details.","FOOD SAFETY AND STANDARDS (LICENSING AND REGISTRATION OF FOODBUSINESSES), REGULATIONS 2011",en,pest_chemical_detail_log,anxious,semi_urban_india,"Use a detailed logbook capturing product name, batch, dosage, and application area."
159,"The regulation mandates “that all food‑handling surfaces be smooth, non‑porous, and easy to clean.” The shop’s wooden chopping board shows cracks.","FOOD SAFETY AND STANDARDS (LICENSING AND REGISTRATION OF FOODBUSINESSES), REGULATIONS 2011",en,wooden_board_cracks,stressed,rural_india,Replace the wooden board with a food‑grade plastic or stainless‑steel cutting board.
160,The shop must “ensure that all water used for washing raw materials is potable and tested.” The vendor uses water from a communal well without testing.,"FOOD SAFETY AND STANDARDS (LICENSING AND REGISTRATION OF FOODBUSINESSES), REGULATIONS 2011",en,well_water_testing,anxious,rural_india,Submit water samples to a lab quarterly and keep the certificates on file.
161,The regulation requires “that any licence holder display the licence at a prominent place at all times.” The owner keeps the licence in a file cabinet.,"FOOD SAFETY AND STANDARDS (LICENSING AND REGISTRATION OF FOODBUSINESSES), REGULATIONS 2011",en,licence_prominent_display,anxious,semi_urban_india,Mount the licence on the wall near the cash counter where customers can see it.
162,A small food stall must “keep a register of all raw‑material receipts with batch numbers.” The vendor only records the total weight of rice purchased.,"FOOD SAFETY AND STANDARDS (LICENSING AND REGISTRATION OF FOODBUSINESSES), REGULATIONS 2011",en,raw_material_batch_record,anxious,rural_india,"Write down supplier name, batch/lot number, and receipt date for each rice purchase."
163,The regulation mandates “that all food business operators have a technical person with a degree in food technology.” The shop lacks such a person.,"FOOD SAFETY AND STANDARDS (LICENSING AND REGISTRATION OF FOODBUSINESSES), REGULATIONS 2011",en,technical_person_absence,stressed,semi_urban_india,Hire a part‑time consultant with the required qualification to fulfill the role.
164,The shop must “ensure that all food handlers are medically fit and free from infectious diseases.” The owner discovers a worker with a skin infection.,"FOOD SAFETY AND STANDARDS (LICENSING AND REGISTRATION OF FOODBUSINESSES), REGULATIONS 2011",en,infected_worker_policy,anxious,urban_india,Require a medical clearance before allowing the worker to return to food contact duties.
165,The regulation requires “that all equipment be placed away from walls to allow proper inspection and cleaning.” The vendor’s deep‑fryer is flush against the wall.,"FOOD SAFETY AND STANDARDS (LICENSING AND REGISTRATION OF FOODBUSINESSES), REGULATIONS 2011",en,equipment_wall_clearance_fryer,cautious,semi_urban_india,Move the fryer to provide at least 30 cm clearance on all sides.
166,"A small retailer must “maintain a register of all pest‑control activities, including dates and chemicals used.” The owner keeps only receipts.","FOOD SAFETY AND STANDARDS (LICENSING AND REGISTRATION OF FOODBUSINESSES), REGULATIONS 2011",en,pest_control_activity_detail,anxious,urban_india,Use a dedicated logbook to record each pest‑control event with full details.
167,"The regulation mandates “that all food‑handling staff avoid smoking, chewing, and spitting in the premises.” The vendor often sees staff smoking near the counter.","FOOD SAFETY AND STANDARDS (LICENSING AND REGISTRATION OF FOODBUSINESSES), REGULATIONS 2011",en,smoking_prohibition,stressed,semi_urban_india,Designate a smoking area away from the shop and enforce the rule.
168,The shop must “ensure that all containers used for food are covered to prevent contamination.” The owner leaves open jars of pickle on the shelf.,"FOOD SAFETY AND STANDARDS (LICENSING AND REGISTRATION OF FOODBUSINESSES), REGULATIONS 2011",en,uncovered_containers,cautious,rural_india,Use airtight lids or clean cloth covers for all open jars when not being served.
169,The regulation requires “that all water used for cleaning be hot enough for disinfection.” The vendor’s sink water never exceeds 40 °C.,"FOOD SAFETY AND STANDARDS (LICENSING AND REGISTRATION OF FOODBUSINESSES), REGULATIONS 2011",en,insufficient_hot_water,anxious,semi_urban_india,Install a water heater set to at least 65 °C for cleaning purposes.
170,A small food business must “maintain a record of any recall actions and the distributors contacted.” The owner has never documented a recall.,"FOOD SAFETY AND STANDARDS (LICENSING AND REGISTRATION OF FOODBUSINESSES), REGULATIONS 2011",en,recall_action_documentation,hopeful,urban_india,Prepare a recall log template and fill it out if a recall ever occurs.
171,The regulation mandates “that all food handlers wash hands with soap before starting work and after using the toilet.” The shop lacks soap dispensers.,"FOOD SAFETY AND STANDARDS (LICENSING AND REGISTRATION OF FOODBUSINESSES), REGULATIONS 2011",en,missing_soap_dispenser,stressed,semi_urban_india,Install wall‑mounted soap dispensers at each hand‑washing station.
172,The shop must “ensure that all equipment is made of corrosion‑free material and easy to clean.” The vendor’s metal ladle shows rust.,"FOOD SAFETY AND STANDARDS (LICENSING AND REGISTRATION OF FOODBUSINESSES), REGULATIONS 2011",en,rusted_equipment,anxious,rural_india,Replace the rusted ladle with a stainless‑steel version.
173,The regulation requires “that all food‑handling areas have adequate ventilation to prevent steam and odour buildup.” The shop’s kitchen has poor airflow.,"FOOD SAFETY AND STANDARDS (LICENSING AND REGISTRATION OF FOODBUSINESSES), REGULATIONS 2011",en,poor_ventilation,stressed,urban_india,Install an additional exhaust fan or improve existing ventilation ducts.
174,"A small retailer must “maintain a register of all raw‑material receipts, including source and batch numbers.” The owner only notes the total quantity of oil bought.","FOOD SAFETY AND STANDARDS (LICENSING AND REGISTRATION OF FOODBUSINESSES), REGULATIONS 2011",en,oil_batch_record,anxious,semi_urban_india,"Record supplier name, batch/lot number, and purchase date for each oil delivery."
175,The regulation mandates “that all food handlers avoid wearing false nails or loose jewellery.” The staff frequently wear bracelets while preparing snacks.,"FOOD SAFETY AND STANDARDS (LICENSING AND REGISTRATION OF FOODBUSINESSES), REGULATIONS 2011",en,jewellery_restriction_staff,cautious,urban_india,Enforce a dress code prohibiting jewellery during food handling.
176,The shop must “ensure that all waste water is treated or disposed of according to local pollution‑control board standards.” The vendor drains directly into a nearby stream.,"FOOD SAFETY AND STANDARDS (LICENSING AND REGISTRATION OF FOODBUSINESSES), REGULATIONS 2011",en,improper_waste_water_disposal,stressed,rural_india,Connect to the municipal sewer system or install a small septic tank approved by the board.
177,The regulation requires “that all food‑handling surfaces be smooth and non‑porous.” The vendor’s countertop has cracks and stains.,"FOOD SAFETY AND STANDARDS (LICENSING AND REGISTRATION OF FOODBUSINESSES), REGULATIONS 2011",en,cracked_countertop,anxious,semi_urban_india,"Replace the countertop with a seamless, washable material like stainless steel."
178,A small shop must “maintain a register of all medical fitness certificates of food handlers.” The owner has no such register.,"FOOD SAFETY AND STANDARDS (LICENSING AND REGISTRATION OF FOODBUSINESSES), REGULATIONS 2011",en,medical_certificate_registry,anxious,urban_india,"Create a binder and file each employee’s certificate, updating annually."
179,The regulation mandates “that all food business operators display a true copy of the licence at a prominent place.” The shop’s licence is hidden in a drawer.,"FOOD SAFETY AND STANDARDS (LICENSING AND REGISTRATION OF FOODBUSINESSES), REGULATIONS 2011",en,licence_hidden,anxious,semi_urban_india,Mount the licence on a visible wall near the entrance.
180,The shop must “ensure that all cleaning chemicals are stored separately from food items.” The vendor keeps detergent bottles on the same shelf as spices.,"FOOD SAFETY AND STANDARDS (LICENSING AND REGISTRATION OF FOODBUSINESSES), REGULATIONS 2011",en,chemical_food_storage,stressed,urban_india,Relocate all cleaning agents to a locked cabinet away from food shelves.
181,The regulation requires “that all food handlers wash hands with soap before handling food and after restroom use.” The staff often skips washing due to time pressure.,"FOOD SAFETY AND STANDARDS (LICENSING AND REGISTRATION OF FOODBUSINESSES), REGULATIONS 2011",en,hand_wash_skip,anxious,semi_urban_india,Install visual timers and monitor compliance with spot checks.
182,"A small retailer must “maintain a register of all pest‑control chemicals used, with dates and quantities.” The owner only writes “sprayed” on a sticky note.","FOOD SAFETY AND STANDARDS (LICENSING AND REGISTRATION OF FOODBUSINESSES), REGULATIONS 2011",en,pest_chemical_log_incomplete,anxious,urban_india,"Use a printed logbook to capture chemical name, batch, dosage, date, and treated area."
183,The regulation mandates “that all food‑handling equipment be made of corrosion‑free material.” The vendor’s metal ladle is rusted.,"FOOD SAFETY AND STANDARDS (LICENSING AND REGISTRATION OF FOODBUSINESSES), REGULATIONS 2011",en,rusted_ladle,stressed,rural_india,Replace the ladle with a stainless‑steel version and inspect regularly.
184,"The shop must “ensure that all food handlers avoid smoking, chewing, or spitting in the premises.” The owner sees staff chewing betel leaf near the counter.","FOOD SAFETY AND STANDARDS (LICENSING AND REGISTRATION OF FOODBUSINESSES), REGULATIONS 2011",en,chewing_prohibition,cautious,urban_india,Post a “No Chewing” sign and remind staff of the rule during shifts.
185,The regulation requires “that all food containers be covered to prevent dust and insects.” The vendor leaves open jars of chutney on the shelf.,"FOOD SAFETY AND STANDARDS (LICENSING AND REGISTRATION OF FOODBUSINESSES), REGULATIONS 2011",en,uncovered_jars,anxious,semi_urban_india,Use airtight lids or cover jars with clean cloth when not serving.
186,"A small food stall must “maintain a register of raw‑material receipts, including batch numbers and dates.” The owner only notes the total quantity of flour bought.","FOOD SAFETY AND STANDARDS (LICENSING AND REGISTRATION OF FOODBUSINESSES), REGULATIONS 2011",en,flour_batch_record,anxious,rural_india,"Record supplier name, batch/lot number, and receipt date for each flour purchase."
187,The regulation mandates “that all equipment be placed well away from walls for easy inspection.” The shop’s mixer is flush against the wall.,"FOOD SAFETY AND STANDARDS (LICENSING AND REGISTRATION OF FOODBUSINESSES), REGULATIONS 2011",en,mixer_wall_spacing,cautious,urban_india,Rearrange the floor plan to provide at least 30 cm clearance around the mixer.
188,The shop must “ensure that all water used for cleaning is hot enough for disinfection.” The sink water never exceeds 45 °C.,"FOOD SAFETY AND STANDARDS (LICENSING AND REGISTRATION OF FOODBUSINESSES), REGULATIONS 2011",en,insufficient_hot_water_cleaning,anxious,semi_urban_india,Install a water heater set to a minimum of 65 °C for cleaning purposes.
189,The regulation requires “that all food business operators maintain a register of any recall actions taken.” The owner has never prepared such a register.,"FOOD SAFETY AND STANDARDS (LICENSING AND REGISTRATION OF FOODBUSINESSES), REGULATIONS 2011",en,recall_register_absent,hopeful,urban_india,Create a simple recall log template and keep it ready for any future incident.
190,A small retailer must “maintain a register of pest‑control activities with dates and chemicals used.” The vendor only notes “sprayed” on scrap paper.,"FOOD SAFETY AND STANDARDS (LICENSING AND REGISTRATION OF FOODBUSINESSES), REGULATIONS 2011",en,pest_control_activity_incomplete,anxious,semi_urban_india,Use a bound logbook to record detailed pest‑control information each time.
191,The regulation mandates “that all food‑handling staff wash hands with soap before starting work and after restroom use.” The shop lacks soap at the sink.,"FOOD SAFETY AND STANDARDS (LICENSING AND REGISTRATION OF FOODBUSINESSES), REGULATIONS 2011",en,missing_soap_at_sink,stressed,urban_india,Install a soap dispenser and ensure it is refilled daily.
192,The shop must “ensure that all cleaning chemicals are stored in clearly labelled containers separate from food.” The vendor keeps detergent in a reused spice jar.,"FOOD SAFETY AND STANDARDS (LICENSING AND REGISTRATION OF FOODBUSINESSES), REGULATIONS 2011",en,mislabeled_chemical_container,anxious,semi_urban_india,"Transfer chemicals to dedicated, labelled containers and store them away from food."
193,The regulation requires “that all food handlers avoid wearing false nails or loose jewellery.” The staff often wears rings while preparing dough.,"FOOD SAFETY AND STANDARDS (LICENSING AND REGISTRATION OF FOODBUSINESSES), REGULATIONS 2011",en,jewellery_during_preparation,cautious,urban_india,Enforce a no‑jewellery policy during food handling and provide ring‑free alternatives.
194,A small food stall must “maintain a register of raw‑material receipts with batch numbers.” The owner only records total weight of sugar purchased.,"FOOD SAFETY AND STANDARDS (LICENSING AND REGISTRATION OF FOODBUSINESSES), REGULATIONS 2011",en,sugar_batch_record,anxious,rural_india,"Log supplier name, batch/lot number, and purchase date for each sugar delivery."
195,The regulation mandates “that all food‑handling areas have adequate lighting of at least 540 lux at inspection points.” The shop’s lighting is dim and uneven.,"FOOD SAFETY AND STANDARDS (LICENSING AND REGISTRATION OF FOODBUSINESSES), REGULATIONS 2011",en,insufficient_lighting,stressed,urban_india,Install LED fixtures to achieve the required lux level throughout the preparation area.
196,The shop must “ensure that all equipment is made of non‑toxic material and does not impart taste.” The vendor uses old plastic containers that may leach chemicals.,"FOOD SAFETY AND STANDARDS (LICENSING AND REGISTRATION OF FOODBUSINESSES), REGULATIONS 2011",en,non_food_grade_plastic,anxious,semi_urban_india,"Replace old plastic containers with BPA‑free, food‑grade options."
197,The regulation requires “that all food business operators keep a register of any improvement notices and corrective actions taken.” The owner has never documented such notices.,"FOOD SAFETY AND STANDARDS (LICENSING AND REGISTRATION OF FOODBUSINESSES), REGULATIONS 2011",en,improvement_notice_log_absent,anxious,rural_india,"Start a logbook to capture notice dates, required actions, and completion status."
198,"A small retailer must “maintain a record of all raw‑material procurement sources, including supplier details.” The vendor buys spices from a street stall without receipts.","FOOD SAFETY AND STANDARDS (LICENSING AND REGISTRATION OF FOODBUSINESSES), REGULATIONS 2011",en,informal_spice_supplier_record,stressed,semi_urban_india,"Note the stall owner’s name, location, and contact number for each purchase."
199,The regulation mandates “that all food handlers wash hands with soap before handling food and after restroom use.” The staff sometimes skips washing due to rush.,"FOOD SAFETY AND STANDARDS (LICENSING AND REGISTRATION OF FOODBUSINESSES), REGULATIONS 2011",en,hand_wash_noncompliance,anxious,urban_india,Place visual reminders and conduct random checks to ensure compliance.
200,The shop must “ensure that all waste water is treated or disposed of as per pollution‑control norms.” The vendor drains directly into a nearby ditch.,"FOOD SAFETY AND STANDARDS (LICENSING AND REGISTRATION OF FOODBUSINESSES), REGULATIONS 2011",en,untreated_waste_water,stressed,rural_india,Connect to a municipal sewage line or install a small effluent treatment unit.
201,"Ravi runs a kirana store in urban Delhi. His annual turnover reaches ₹12 lakh, so he must register for GST before the next month. @12","THE CENTRAL GOODS AND SERVICES TAX ACT, 2017",en,registration_threshold,anxious,urban_india,Apply for GST registration within 30 days of crossing the ₹10 lakh limit.
202,"Meena’s small tea stall supplies only tea and snacks. She opts for the composition scheme and pays 1 % of turnover as tax, avoiding detailed returns. @117","THE CENTRAL GOODS AND SERVICES TAX ACT, 2017",en,composition_scheme_opt_in,hopeful,semi_urban_india,Choose the composition levy if turnover ≤ ₹50 lakh and maintain a simple quarterly return.
203,"A local electronics dealer buys a batch of LED lights from an unregistered supplier. Under reverse charge, he must self‑assess tax and cannot claim input credit until he pays it. @109","THE CENTRAL GOODS AND SERVICES TAX ACT, 2017",en,reverse_charge_obligation,stressed,urban_india,"Record the purchase, self‑assess GST, and pay it to claim the input credit later."
204,"The owner of a pharmacy issues a tax invoice only after receiving payment because the invoice amount exceeds ₹1,000 and the supplier prefers cash. @143","THE CENTRAL GOODS AND SERVICES TAX ACT, 2017",en,time_of_supply_invoice,neutral,urban_india,"Issue the tax invoice at the earlier of invoice date or payment receipt, as required."
205,"A clothing boutique sells a bundle of shirts, belts, and ties for a single price. The tax is levied on the highest‑rate item in the mixed supply. @107","THE CENTRAL GOODS AND SERVICES TAX ACT, 2017",en,mixed_supply_tax,cautious,urban_india,Identify the highest‑taxed item in the bundle and apply that rate to the whole sale.
206,"A grocery shop receives a delivery of rice on credit. The supplier’s GST invoice arrives later, so the shop can claim input credit only after the invoice is uploaded. @176","THE CENTRAL GOODS AND SERVICES TAX ACT, 2017",en,input_tax_credit_claim,neutral,rural_india,Ensure the supplier’s tax invoice is received and entered before the due date for claiming credit.
207,"A small bakery makes continuous supplies of bread daily. The time of supply is deemed the date of each invoice, not the day of production. @34","THE CENTRAL GOODS AND SERVICES TAX ACT, 2017",en,continuous_supply_time,cautious,semi_urban_india,Issue a tax invoice for each day’s batch to establish the correct time of supply.
208,"A mobile‑phone dealer sells a phone with a free protective case. Because the case is a complimentary accessory, it is treated as part of the principal supply for tax purposes. @90","THE CENTRAL GOODS AND SERVICES TAX ACT, 2017",en,composite_supply_principal,neutral,urban_india,Treat bundled free items as part of the principal supply when calculating GST.
209,Arjun supplies spices to Maharashtra. He must register because he makes inter‑state sales.,"THE CENTRAL GOODS AND SERVICES TAX ACT, 2017",en,inter_state_registration,cautious,urban_india,Register for GST before the next filing period.
210,Sunita keeps her kirana ledger on paper. The law now requires an electronic credit ledger.,"THE CENTRAL GOODS AND SERVICES TAX ACT, 2017",en,electronic_credit_ledger,stressed,semi_urban_india,Migrate records to the prescribed e‑credit system.
211,Vikram buys a delivery van for personal use. GST credit on that vehicle is blocked.,"THE CENTRAL GOODS AND SERVICES TAX ACT, 2017",en,blocked_input_credit_vehicle,anxious,rural_india,Do not claim input credit for personal‑use motor vehicles.
212,A farmer sells fresh produce at a local market. He is exempt from GST registration.,"THE CENTRAL GOODS AND SERVICES TAX ACT, 2017",en,agriculturist_exemption,hopeful,rural_india,Continue operating without GST registration.
213,An online gadget shop ships items through a marketplace. The platform must collect tax at source.,"THE CENTRAL GOODS AND SERVICES TAX ACT, 2017",en,e_commerce_operator_tax,neutral,urban_india,Ensure the platform registers as a tax collector.
214,Priya provides consulting services and invoices after the project ends. Time of supply follows the invoice date.,"THE CENTRAL GOODS AND SERVICES TAX ACT, 2017",en,service_time_of_supply,neutral,urban_india,Issue the tax invoice promptly to fix the supply date.
215,The pharmacy must file its annual GST return by 31 Dec each year.,"THE CENTRAL GOODS AND SERVICES TAX ACT, 2017",en,annual_return_deadline,cautious,urban_india,Mark 31 Dec as a non‑negotiable filing date.
216,Ravi missed the September return deadline. He now faces a daily late fee.,"THE CENTRAL GOODS AND SERVICES TAX ACT, 2017",en,late_fee_penalty,stressed,semi_urban_india,Pay the pending fee immediately to stop accrual.
217,The boutique stores invoices for five years. The law requires retention for 72 months.,"THE CENTRAL GOODS AND SERVICES TAX ACT, 2017",en,record_retention_period,neutral,urban_india,Archive all records for at least six years.
218,A large wholesale dealer exceeds ₹1 crore turnover. An audit is now mandatory.,"THE CENTRAL GOODS AND SERVICES TAX ACT, 2017",en,audit_requirement,anxious,urban_india,Appoint a chartered accountant for the statutory audit.
219,Meena’s shop registration is cancelled. She must settle tax on remaining stock.,"THE CENTRAL GOODS AND SERVICES TAX ACT, 2017",en,cancellation_stock_tax,stressed,semi_urban_india,Compute and pay tax on inventory before deregistration.
220,New owners must provide Aadhaar to obtain GST registration.,"THE CENTRAL GOODS AND SERVICES TAX ACT, 2017",en,aadhaar_registration,neutral,urban_india,Submit Aadhaar proof during the registration process.
221,A manufacturer sends inputs to a job worker. The principal can claim credit on those inputs.,"THE CENTRAL GOODS AND SERVICES TAX ACT, 2017",en,job_work_input_credit,hopeful,urban_india,Record the transfer and claim input credit as prescribed.
222,The Input Service Distributor must allocate credit based on each recipient’s turnover.,"THE CENTRAL GOODS AND SERVICES TAX ACT, 2017",en,isd_credit_distribution,cautious,urban_india,Use the turnover‑ratio method for credit allocation.
223,A casual trader starts a weekend stall. He must deposit advance tax before beginning.,"THE CENTRAL GOODS AND SERVICES TAX ACT, 2017",en,casual_taxpayer_advance,anxious,semi_urban_india,Pay the estimated tax deposit prior to the first sale.
224,A non‑resident software exporter needs a Unique Identity Number to register.,"THE CENTRAL GOODS AND SERVICES TAX ACT, 2017",en,non_resident_uin,neutral,urban_india,Apply for a UIN using the prescribed documents.
225,A food packer includes insurance in the sale price. The whole bundle is taxed as a composite supply.,"THE CENTRAL GOODS AND SERVICES TAX ACT, 2017",en,composite_supply_insurance,neutral,urban_india,Apply the GST rate of the principal food supply to the bundle.
226,Two companies merge. Their unused input credit can be transferred to the new entity.,"THE CENTRAL GOODS AND SERVICES TAX ACT, 2017",en,merger_input_credit_transfer,hopeful,urban_india,File the prescribed notice to move the credit to the merged firm.
227,A retailer purchases diesel for his generator. GST on diesel is payable on reverse charge.,"THE CENTRAL GOODS AND SERVICES TAX ACT, 2017",en,reverse_charge_petroleum,cautious,rural_india,Self‑assess GST on diesel and record it as input credit.
228,The government announces an exemption for certain medical devices. The shop must update its tax schedule.,"THE CENTRAL GOODS AND SERVICES TAX ACT, 2017",en,exemption_notification,neutral,urban_india,Verify the exemption list and stop charging GST on those devices.